Date,Nickname,State,Location,Max.Temperature,Average.Temperature.in.the.Previous.5.Days,Rainfall.mm,Sum.of.Rainfall.in.the.Previous.5.Days,Wind.Speed,Relative.Humidity,isBushfire
24/12/80,1980 Victoria bushfire,Victoria,Sunset Country,39.02,35.32,0,0,2.786881324,0.242554911,FALSE
25/12/80,1980 Victoria bushfire,Victoria,Sunset Country,37.45,37.14,0,0,3.543370455,0.206557843,FALSE
26/12/80,1980 Victoria bushfire,Victoria,Sunset Country,36.11,37.74,0,0,2.910110203,0.324834816,FALSE
27/12/80,1980 Victoria bushfire,Victoria,Sunset Country,41.73,38.37,0,0,2.237707188,0.215715973,FALSE
28/12/80,1980 Victoria bushfire,Victoria,Sunset Country,35.91,37.72,1.46,1.46,3.892296954,0.282480756,TRUE
24/12/80,1980 Victoria bushfire,Victoria,Big Desert,36.99,33.76,0,0.01,3.273348461,0.309549917,FALSE
25/12/80,1980 Victoria bushfire,Victoria,Big Desert,34.53,35.35,0,0.01,3.941762378,0.303557122,FALSE
26/12/80,1980 Victoria bushfire,Victoria,Big Desert,34,35.88,0,0.07,3.029406721,0.43605933,FALSE
27/12/80,1980 Victoria bushfire,Victoria,Big Desert,40.34,36.4,0.09,0.16,2.833463805,0.289345738,FALSE
28/12/80,1980 Victoria bushfire,Victoria,Big Desert,31.68,35.22,0.96,1.12,4.236286675,0.31141171,TRUE
30/10/80,1980 Waterfall bushfire,New South Wales,Waterfall,24.8,22.31,0,12,3.053017129,0.38688763,FALSE
31/10/80,1980 Waterfall bushfire,New South Wales,Waterfall,23.7,23.34,0,7.5,2.555949528,0.460230102,FALSE
1/11/80,1980 Waterfall bushfire,New South Wales,Waterfall,25.3,24.46,0,0.5,3.398080589,0.450562612,FALSE
2/11/80,1980 Waterfall bushfire,New South Wales,Waterfall,25.2,24.7,0,0.5,2.1803639,0.455110237,FALSE
3/11/80,1980 Waterfall bushfire,New South Wales,Waterfall,18.5,22.91,0,0.5,5.057607922,0.419658164,TRUE
5/1/83,Grays Point bushfire,New South Wales,Grays Point,32.9,27.47,0,19.6,2.81390809,0.601711697,FALSE
6/1/83,Grays Point bushfire,New South Wales,Grays Point,24.9,26.66,0,19.6,2.249479315,0.660445776,FALSE
7/1/83,Grays Point bushfire,New South Wales,Grays Point,26.3,26.67,0,18.8,2.603649855,0.810155691,FALSE
8/1/83,Grays Point bushfire,New South Wales,Grays Point,42.2,28.64,0,17.2,3.030529473,0.50056685,FALSE
9/1/83,Grays Point bushfire,New South Wales,Grays Point,41.4,30.76,0,17.2,4.881634886,0.226394994,TRUE
27/1/83,1983 Cann River bushfire,Victoria,Cann River,19,22.57,6.2,6.2,3.050344792,0.682931384,FALSE
28/1/83,1983 Cann River bushfire,Victoria,Cann River,21.3,22.47,0,6.2,2.031965532,0.745936684,FALSE
29/1/83,1983 Cann River bushfire,Victoria,Cann River,23.8,22.73,0,6.2,1.581445595,0.756253853,FALSE
30/1/83,1983 Cann River bushfire,Victoria,Cann River,21.7,22.53,0,6.2,1.850374811,0.744578949,FALSE
31/1/83,1983 Cann River bushfire,Victoria,Cann River,32.6,24.33,0,6.2,2.178905204,0.561087913,TRUE
28/1/83,1983 Victoria bushfire,Victoria,Mt Macedon,26.24,26,0,4.5,1.800573521,0.612239576,FALSE
29/1/83,1983 Victoria bushfire,Victoria,Mt Macedon,33.53,25.82,0,4.5,1.494169976,0.516315767,FALSE
30/1/83,1983 Victoria bushfire,Victoria,Mt Macedon,36.39,27.77,0,4.5,1.737801362,0.426545727,FALSE
31/1/83,1983 Victoria bushfire,Victoria,Mt Macedon,37.31,30.14,0,3,2.013468864,0.337848775,FALSE
1/2/83,1983 Victoria bushfire,Victoria,Mt Macedon,39.01,31.17,0,3,3.904278216,0.301834964,TRUE
12/2/83,Ash Wednesday bushfires,Victoria,Branxholme,21.05,29.86,0,1.56,2.086725389,0.627724874,FALSE
13/2/83,Ash Wednesday bushfires,Victoria,Branxholme,24.96,28.43,0,1.56,1.922246013,0.64391425,FALSE
14/2/83,Ash Wednesday bushfires,Victoria,Branxholme,32.06,27.24,0,1.56,1.413752032,0.544536128,FALSE
15/2/83,Ash Wednesday bushfires,Victoria,Branxholme,30.96,26.33,0,0.72,2.02969187,0.361518941,FALSE
16/2/83,Ash Wednesday bushfires,Victoria,Branxholme,44.04,28.77,0.19,0.91,4.736372051,0.294787635,TRUE
12/2/83,Ash Wednesday bushfires,Victoria,East Trentham,25.59,32.89,0,0,1.825211204,0.570869717,FALSE
13/2/83,Ash Wednesday bushfires,Victoria,East Trentham,30.67,31.69,0,0,1.832831397,0.572215721,FALSE
14/2/83,Ash Wednesday bushfires,Victoria,East Trentham,32.87,30.73,0,0,1.313034714,0.493716266,FALSE
15/2/83,Ash Wednesday bushfires,Victoria,East Trentham,35.2,30.26,0,0,2.25356139,0.353951964,FALSE
16/2/83,Ash Wednesday bushfires,Victoria,East Trentham,36.68,31.51,0,0,3.258443166,0.307661468,TRUE
12/2/83,Ash Wednesday bushfires,Victoria,Mt Macedon,25.73,32.98,0,0,1.982166207,0.547790787,FALSE
13/2/83,Ash Wednesday bushfires,Victoria,Mt Macedon,29.57,31.63,0,0,1.949552614,0.572287269,FALSE
14/2/83,Ash Wednesday bushfires,Victoria,Mt Macedon,33.09,30.81,0,0,1.20846578,0.502536852,FALSE
15/2/83,Ash Wednesday bushfires,Victoria,Mt Macedon,35.5,30.34,0,0,2.237674442,0.372392367,FALSE
16/2/83,Ash Wednesday bushfires,Victoria,Mt Macedon,39.93,31.58,0,0,2.852365027,0.30104043,TRUE
12/2/83,Ash Wednesday bushfires,Victoria,The Otway Ranges,18.5,25.66,0,0.4,2.597161545,0.622251884,FALSE
13/2/83,Ash Wednesday bushfires,Victoria,The Otway Ranges,19.5,24.46,0,0.4,2.230862213,0.646017215,FALSE
14/2/83,Ash Wednesday bushfires,Victoria,The Otway Ranges,26.4,23.54,0,0.4,2.971625517,0.791817899,FALSE
15/2/83,Ash Wednesday bushfires,Victoria,The Otway Ranges,29,21.93,0,0.4,3.658616344,0.718094447,FALSE
16/2/83,Ash Wednesday bushfires,Victoria,The Otway Ranges,41.5,24.96,0,0.4,7.352751813,0.570340928,TRUE
12/2/83,Ash Wednesday bushfires,Victoria,Belgrave Heights,24.2,31.19,0,0,2.733586373,0.613970632,FALSE
13/2/83,Ash Wednesday bushfires,Victoria,Belgrave Heights,27.2,29.81,0,0,2.099470244,0.676729669,FALSE
14/2/83,Ash Wednesday bushfires,Victoria,Belgrave Heights,34.3,29.46,0,0,1.420907558,0.604749535,FALSE
15/2/83,Ash Wednesday bushfires,Victoria,Belgrave Heights,31.5,28.04,0,0,2.795563437,0.493850574,FALSE
16/2/83,Ash Wednesday bushfires,Victoria,Belgrave Heights,41.3,29.94,0,0,3.557653757,0.375705939,TRUE
11/2/83,Ash Wednesday bushfires,Victoria,Warburton,20,29.21,0,0,2.101337922,0.707297694,FALSE
13/2/83,Ash Wednesday bushfires,Victoria,Warburton,25.5,29.41,0,0,1.864913566,0.649289975,FALSE
14/2/83,Ash Wednesday bushfires,Victoria,Warburton,30.6,29.09,0,0,1.447586752,0.548993704,FALSE
15/2/83,Ash Wednesday bushfires,Victoria,Warburton,30.4,28.66,0,0,2.801223515,0.375447324,FALSE
16/2/83,Ash Wednesday bushfires,Victoria,Warburton,37,28.63,0,0,2.835450815,0.277414547,TRUE
12/2/83,Ash Wednesday bushfires,Victoria,Cockatoo,24.2,31.19,0,0,2.198053776,0.598716863,FALSE
13/2/83,Ash Wednesday bushfires,Victoria,Cockatoo,27.2,29.81,0,0,1.688530641,0.677474832,FALSE
14/2/83,Ash Wednesday bushfires,Victoria,Cockatoo,34.3,29.46,0,0,1.665955773,0.555243518,FALSE
15/2/83,Ash Wednesday bushfires,Victoria,Cockatoo,31.5,28.04,0,0,2.550281432,0.409822464,FALSE
16/2/83,Ash Wednesday bushfires,Victoria,Cockatoo,41.3,29.94,0,0,2.982221618,0.284741021,TRUE
12/2/83,Ash Wednesday bushfires,Victoria,Beaconsfield Upper,22.58,28.07,0,0,2.733586373,0.613970632,FALSE
13/2/83,Ash Wednesday bushfires,Victoria,Beaconsfield Upper,25.15,27.12,0,0,2.099470244,0.676729669,FALSE
14/2/83,Ash Wednesday bushfires,Victoria,Beaconsfield Upper,29.21,26.72,0,0,1.420907558,0.604749535,FALSE
15/2/83,Ash Wednesday bushfires,Victoria,Beaconsfield Upper,28.81,25.77,0,0,2.795563437,0.493850574,FALSE
16/2/83,Ash Wednesday bushfires,Victoria,Beaconsfield Upper,35.55,27.15,0,0,3.557653757,0.375705939,TRUE
12/2/83,Ash Wednesday bushfires,Victoria,Framlingham,20.36,28.05,0,1.89,2.18437292,0.674770009,FALSE
13/2/83,Ash Wednesday bushfires,Victoria,Framlingham,24.07,26.81,0,1.89,1.952213691,0.663039223,FALSE
14/2/83,Ash Wednesday bushfires,Victoria,Framlingham,29.45,25.92,0,1.89,1.738046943,0.582828667,FALSE
15/2/83,Ash Wednesday bushfires,Victoria,Framlingham,26.89,24.49,0.14,1.15,2.052997989,0.464681752,FALSE
16/2/83,Ash Wednesday bushfires,Victoria,Framlingham,41.46,26.86,0.18,1.33,4.591255152,0.342970113,TRUE
12/2/83,Ash Wednesday bushfires,South Australia,Adelaide Hills,22.5,29.33,0.2,0.2,4.241610273,0.594986019,FALSE
13/2/83,Ash Wednesday bushfires,South Australia,Adelaide Hills,27.2,27.91,0,0.2,3.20296193,0.547534639,FALSE
14/2/83,Ash Wednesday bushfires,South Australia,Adelaide Hills,32.9,26.96,0,0.2,2.470390498,0.434279238,FALSE
15/2/83,Ash Wednesday bushfires,South Australia,Adelaide Hills,38.1,28.03,0,0.2,2.638843131,0.262826208,FALSE
16/2/83,Ash Wednesday bushfires,South Australia,Adelaide Hills,38.9,29.46,0,0.2,6.694417901,0.349153167,TRUE
12/2/83,Ash Wednesday bushfires,South Australia,Mt Gambier,21.2,29.83,0,1.2,2.38120208,0.630658553,FALSE
13/2/83,Ash Wednesday bushfires,South Australia,Mt Gambier,24.4,27.74,0,1.2,2.205074769,0.694086529,FALSE
14/2/83,Ash Wednesday bushfires,South Australia,Mt Gambier,34,26.79,0,1.2,1.619044624,0.568063462,FALSE
15/2/83,Ash Wednesday bushfires,South Australia,Mt Gambier,32.9,26.29,0,1.2,2.474199419,0.357578641,FALSE
16/2/83,Ash Wednesday bushfires,South Australia,Mt Gambier,43.6,28.83,0,0.9,6.305129888,0.331855721,TRUE
21/12/84,1984 Western New South Wales grasslands bushfires,New South Wales,Cobar,28.4,32.63,0,0,3.654582265,0.282903214,FALSE
22/12/84,1984 Western New South Wales grasslands bushfires,New South Wales,Cobar,33.1,33.04,0,0,2.583276314,0.21110302,FALSE
23/12/84,1984 Western New South Wales grasslands bushfires,New South Wales,Cobar,35.4,33.33,0,0,2.015486792,0.20336153,FALSE
24/12/84,1984 Western New South Wales grasslands bushfires,New South Wales,Cobar,38.7,33.81,0,0,2.857705398,0.166386849,FALSE
25/12/84,1984 Western New South Wales grasslands bushfires,New South Wales,Cobar,40.8,33.89,0,0,5.239518518,0.185677143,TRUE
23/12/90,1990 VIC bushfire,Victoria,Strathbogie Ranges,20.5,27.17,1.8,7.8,2.381833991,0.653369435,FALSE
24/12/90,1990 VIC bushfire,Victoria,Strathbogie Ranges,22,25.6,0,7.8,1.586929479,0.533522885,FALSE
25/12/90,1990 VIC bushfire,Victoria,Strathbogie Ranges,27,25.1,0,7.8,1.745975385,0.358368602,FALSE
26/12/90,1990 VIC bushfire,Victoria,Strathbogie Ranges,26.5,25.79,0,4.4,1.812590461,0.433940819,FALSE
27/12/90,1990 VIC bushfire,Victoria,Strathbogie Ranges,33.6,26.73,0,1.8,3.111560846,0.257041545,TRUE
23/12/93,1994 Eastern seaboard fires,New South Wales,Batemans Bay,24.9,23.66,0,5,4.602793926,0.70113169,FALSE
24/12/93,1994 Eastern seaboard fires,New South Wales,Batemans Bay,24,23.86,6,11.2,7.967251295,0.638869635,FALSE
25/12/93,1994 Eastern seaboard fires,New South Wales,Batemans Bay,24.8,24.36,0,11.2,5.849385802,0.733793462,FALSE
26/12/93,1994 Eastern seaboard fires,New South Wales,Batemans Bay,28.5,24.57,0,11.2,3.779842779,0.661108039,FALSE
27/12/93,1994 Eastern seaboard fires,New South Wales,Batemans Bay,23,25.01,0.2,11.2,8.285674619,0.546559135,TRUE
23/12/93,1994 Eastern seaboard fires,New South Wales,Blue Mountains,17.7,21.6,0,16.6,3.644486922,0.688300813,FALSE
24/12/93,1994 Eastern seaboard fires,New South Wales,Blue Mountains,22.7,21.64,0,16.6,2.349771785,0.640210425,FALSE
25/12/93,1994 Eastern seaboard fires,New South Wales,Blue Mountains,24,21.99,0,16.6,0.903255506,0.692443686,FALSE
26/12/93,1994 Eastern seaboard fires,New South Wales,Blue Mountains,24.4,21.59,0,16.6,3.05505928,0.594604149,FALSE
27/12/93,1994 Eastern seaboard fires,New South Wales,Blue Mountains,10.7,19.6,0,16.6,4.144414907,0.510891036,TRUE
28/8/94,East Coast Bushfires,Queensland,Brisbane,23.1,23.59,0,0,3.887575432,0.704176061,FALSE
29/8/94,East Coast Bushfires,Queensland,Brisbane,24.6,23.89,0,0,2.766846012,0.709443523,FALSE
30/8/94,East Coast Bushfires,Queensland,Brisbane,24.8,23.71,0,0,3.088059808,0.685901802,FALSE
31/8/94,East Coast Bushfires,Queensland,Brisbane,22.4,23.43,0,0,4.491968214,0.786725636,FALSE
1/9/94,East Coast Bushfires,Queensland,Brisbane,22.8,23.31,6.2,6.2,3.416237092,0.743966468,TRUE
28/8/94,East Coast Bushfires,Queensland,Townsville,26.7,26.47,0,0,6.165244881,0.703173778,FALSE
29/8/94,East Coast Bushfires,Queensland,Townsville,26.1,26.5,0,0,6.321646106,0.711944909,FALSE
30/8/94,East Coast Bushfires,Queensland,Townsville,26.4,26.53,0,0,6.053289504,0.665290641,FALSE
31/8/94,East Coast Bushfires,Queensland,Townsville,26.3,26.61,0,0,5.994222076,0.714466547,FALSE
1/9/94,East Coast Bushfires,Queensland,Townsville,26.2,26.56,0,0,5.710689889,0.663905366,TRUE
4/1/97,Wooroloo bushfire,Western Australia,Wooroloo,30.7,34.7,0,0,2.90162094,0.45919327,FALSE
5/1/97,Wooroloo bushfire,Western Australia,Wooroloo,28.6,34.79,0,0,3.04147803,0.35415626,FALSE
6/1/97,Wooroloo bushfire,Western Australia,Wooroloo,30.5,34.93,0,0,3.70075283,0.33324043,FALSE
7/1/97,Wooroloo bushfire,Western Australia,Wooroloo,35.2,34.84,0,0,2.85274951,0.29362872,FALSE
8/1/97,Wooroloo bushfire,Western Australia,Wooroloo,39.6,34.69,0,0,2.891402564,0.190384849,TRUE
16/1/97,Dandenongs bushfire,Victoria,Dandenong Ranges,20.8,27.31,4,4,3.162271286,0.769362002,FALSE
17/1/97,Dandenongs bushfire,Victoria,Dandenong Ranges,22.6,26.84,0,4,2.534404139,0.733929099,FALSE
19/1/97,Dandenongs bushfire,Victoria,Dandenong Ranges,35.8,28.14,0,4,1.741098512,0.567826067,FALSE
20/1/97,Dandenongs bushfire,Victoria,Dandenong Ranges,39.1,29.67,0,4,4.208001138,0.40297403,FALSE
21/1/97,Dandenongs bushfire,Victoria,Dandenong Ranges,37.5,30.6,0,4,5.255103964,0.396739107,TRUE
17/1/97,Dandenongs bushfire,Victoria,Arthur’s Seat,19.1,25.94,0,1,2.781899739,0.712534312,FALSE
18/1/97,Dandenongs bushfire,Victoria,Arthur’s Seat,22.3,25.54,0,1,2.253490349,0.664335206,FALSE
19/1/97,Dandenongs bushfire,Victoria,Arthur’s Seat,35.9,26.8,0,1,2.262593545,0.542541147,FALSE
20/1/97,Dandenongs bushfire,Victoria,Arthur’s Seat,41.5,28.33,0,1,4.534632486,0.34497412,FALSE
21/1/97,Dandenongs bushfire,Victoria,Arthur’s Seat,39.7,29.2,0,1,5.866257342,0.390988676,TRUE
17/1/97,Dandenongs bushfire,Victoria,Creswick,22.6,25.8,0,1.8,3.021736734,0.587808372,FALSE
18/1/97,Dandenongs bushfire,Victoria,Creswick,29.4,26.49,0,1.8,2.501930211,0.517598195,FALSE
19/1/97,Dandenongs bushfire,Victoria,Creswick,34.9,27.31,0,1.8,2.535261961,0.345207427,FALSE
20/1/97,Dandenongs bushfire,Victoria,Creswick,39.2,28.63,0,1.8,4.073080119,0.282609529,FALSE
21/1/97,Dandenongs bushfire,Victoria,Creswick,38.7,29.74,0,1.8,5.276531007,0.3034972,TRUE
28/11/97,Lithgow bushfire,New South Wales,Lithgow,31.9,30.76,0,0,2.773991123,0.474197666,FALSE
29/11/97,Lithgow bushfire,New South Wales,Lithgow,32.5,32.26,0,0,3.004622143,0.528996713,FALSE
30/11/97,Lithgow bushfire,New South Wales,Lithgow,20.7,31.2,0,0,2.376099056,0.592359325,FALSE
1/12/97,Lithgow bushfire,New South Wales,Lithgow,26.4,30.4,0,0,2.212231178,0.477338799,FALSE
2/12/97,Lithgow bushfire,New South Wales,Lithgow,27.9,29.69,0,0,3.90717518,0.244807855,TRUE
28/11/97,Menai bushfire,New South Wales,Menai,25.5,31.57,2,3.6,3.052290038,0.59507487,FALSE
29/11/97,Menai bushfire,New South Wales,Menai,28.1,32.03,0,3.6,2.251447593,0.726359291,FALSE
30/11/97,Menai bushfire,New South Wales,Menai,26.4,31.17,0,3.6,1.800442345,0.705940741,FALSE
1/12/97,Menai bushfire,New South Wales,Menai,29.6,31.38,0,3.6,1.881818344,0.674824154,FALSE
2/12/97,Menai bushfire,New South Wales,Menai,38.1,32.34,0,3.6,2.162097788,0.340697912,TRUE
28/11/97,Perth and South-West Region bushfires,Western Australia,Perth,24,23.74,0,7.8,3.936884749,0.697141947,FALSE
29/11/97,Perth and South-West Region bushfires,Western Australia,Perth,26,24.39,0,0.8,2.841227641,0.632829877,FALSE
30/11/97,Perth and South-West Region bushfires,Western Australia,Perth,27.7,25.07,0,0.8,3.161687125,0.552845024,FALSE
1/12/97,Perth and South-West Region bushfires,Western Australia,Perth,27.6,25.64,0,0.8,4.330174433,0.616854596,FALSE
2/12/97,Perth and South-West Region bushfires,Western Australia,Perth,28.9,26.21,0,0.8,4.489891667,0.45043933,TRUE
27/12/97,New Year's Eve bushfire,Victoria,Tawonga,24.17,25.92,0,0.05,2.547482628,0.503506953,FALSE
28/12/97,New Year's Eve bushfire,Victoria,Tawonga,27.93,25.23,0,0.05,2.159129811,0.481329567,FALSE
29/12/97,New Year's Eve bushfire,Victoria,Tawonga,30.16,26.84,0,0.02,1.905207069,0.516552911,FALSE
30/12/97,New Year's Eve bushfire,Victoria,Tawonga,32.08,28.15,0,0.02,2.311948929,0.383233243,FALSE
31/12/97,New Year's Eve bushfire,Victoria,Tawonga,31.6,28.95,0,0.02,2.261620221,0.438945957,TRUE
27/12/97,New Year's Eve bushfire,Victoria,Carey River State Forest,18.77,23.8,0.06,0.66,2.360404969,0.644686598,FALSE
28/12/97,New Year's Eve bushfire,Victoria,Carey River State Forest,22.99,22.2,0.02,0.68,1.711665444,0.698654855,FALSE
29/12/97,New Year's Eve bushfire,Victoria,Carey River State Forest,26.9,23.2,0,0.52,1.988143508,0.566514593,FALSE
30/12/97,New Year's Eve bushfire,Victoria,Carey River State Forest,27.55,23.96,0,0.52,1.760449333,0.632260109,FALSE
31/12/97,New Year's Eve bushfire,Victoria,Carey River State Forest,32.5,25.55,0,0.48,1.72670351,0.542142913,TRUE
28/11/98,Linton bushfire,Victoria,Linton,14.62,20.28,0.27,11.64,2.782416222,0.698218869,FALSE
29/11/98,Linton bushfire,Victoria,Linton,14.23,20.21,0.17,11.72,1.791115464,0.826516096,FALSE
30/11/98,Linton bushfire,Victoria,Linton,12.21,19.3,0.92,12.62,2.001284433,0.886391866,FALSE
1/12/98,Linton bushfire,Victoria,Linton,23.67,19.79,0,12.13,1.969017418,0.620833114,FALSE
2/12/98,Linton bushfire,Victoria,Linton,29.43,20.47,0,12.13,3.617898574,0.344239941,TRUE
14/12/00,2000 Victoria Dadswell Bridge bushfire,Victoria,Dadswell Bridge,28.98,31.22,0,0.02,3.310282941,0.452001846,FALSE
15/12/00,2000 Victoria Dadswell Bridge bushfire,Victoria,Dadswell Bridge,32.06,32.02,0,0.02,2.82312706,0.366041962,FALSE
16/12/00,2000 Victoria Dadswell Bridge bushfire,Victoria,Dadswell Bridge,39.27,32.6,0,0.02,1.616211355,0.316057532,FALSE
17/12/00,2000 Victoria Dadswell Bridge bushfire,Victoria,Dadswell Bridge,38.48,33.04,0,0.01,4.223396667,0.190868678,FALSE
18/12/00,2000 Victoria Dadswell Bridge bushfire,Victoria,Dadswell Bridge,33.01,32.64,0,0.01,3.411632301,0.363364305,TRUE
20/12/01,Black Christmas bushfires,New South Wales,Grose Valley,37.75,27.7,0,5.37,1.769053284,0.553004821,FALSE
21/12/01,Black Christmas bushfires,New South Wales,Grose Valley,34.69,28.92,0.01,4.57,1.612834523,0.517242993,FALSE
22/12/01,Black Christmas bushfires,New South Wales,Grose Valley,29.7,29.9,0.48,3.88,1.921988142,0.707548584,FALSE
23/12/01,Black Christmas bushfires,New South Wales,Grose Valley,32.24,30.82,0.69,3.23,1.230056511,0.621123359,FALSE
24/12/01,Black Christmas bushfires,New South Wales,Grose Valley,32.63,32.47,0.01,1.25,2.570225398,0.409975417,TRUE
21/12/01,Black Christmas bushfires,New South Wales,Lane Cove National Park,26.22,24.32,0.15,6.25,3.712659254,0.78781806,FALSE
22/12/01,Black Christmas bushfires,New South Wales,Lane Cove National Park,24.8,24.86,1.34,3.79,4.204104771,0.764691775,FALSE
23/12/01,Black Christmas bushfires,New South Wales,Lane Cove National Park,25.87,25.4,0.89,3.73,4.43394477,0.745626719,FALSE
24/12/01,Black Christmas bushfires,New South Wales,Lane Cove National Park,30.61,26.57,0.14,2.77,3.11430052,0.556311437,FALSE
25/12/01,Black Christmas bushfires,New South Wales,Lane Cove National Park,31.51,27.61,0,2.52,4.55663081,0.34899694,TRUE
21/12/01,Black Christmas bushfires,New South Wales,Royal National Park,26.48,24.99,0.33,12.02,2.717469647,0.722428029,FALSE
22/12/01,Black Christmas bushfires,New South Wales,Royal National Park,25.73,25.84,2.04,5.66,2.783653759,0.775780184,FALSE
23/12/01,Black Christmas bushfires,New South Wales,Royal National Park,28.15,26.6,2.58,6.37,2.279101098,0.701786278,FALSE
24/12/01,Black Christmas bushfires,New South Wales,Royal National Park,33.26,28.21,0.32,5.56,2.104467153,0.512122867,FALSE
25/12/01,Black Christmas bushfires,New South Wales,Royal National Park,32.64,29.21,0,5.39,3.404512232,0.284437402,TRUE
21/12/01,Black Christmas bushfires,New South Wales,Blue Mountains,34.69,28.92,0.01,4.57,1.612834523,0.517242993,FALSE
22/12/01,Black Christmas bushfires,New South Wales,Blue Mountains,29.7,29.9,0.48,3.88,1.921988142,0.707548584,FALSE
23/12/01,Black Christmas bushfires,New South Wales,Blue Mountains,32.24,30.82,0.69,3.23,1.230056511,0.621123359,FALSE
24/12/01,Black Christmas bushfires,New South Wales,Blue Mountains,32.63,32.47,0.01,1.25,2.570225398,0.409975417,FALSE
25/12/01,Black Christmas bushfires,New South Wales,Blue Mountains,31.8,32.94,0,1.2,3.68130798,0.188989944,TRUE
13/10/02,Granite Belt Bushfires,Queensland,Ballandean/Glen Aplin,21.96,22.45,2.37,6.98,2.656254249,0.823605806,FALSE
14/10/02,Granite Belt Bushfires,Queensland,Ballandean/Glen Aplin,24.98,22.2,0.41,7.39,3.454879199,0.494661384,FALSE
15/10/02,Granite Belt Bushfires,Queensland,Ballandean/Glen Aplin,23.59,21.64,0,7.37,2.813044919,0.273613336,FALSE
16/10/02,Granite Belt Bushfires,Queensland,Ballandean/Glen Aplin,26.42,21.39,0,7.25,2.302191878,0.319530512,FALSE
17/10/02,Granite Belt Bushfires,Queensland,Ballandean/Glen Aplin,31.27,23.4,0,6.3,3.612100661,0.237338636,TRUE
19/10/02,"Toowoomba, Tara and Gatton: Bushfires",Queensland,Toowoomba,38.73,32.05,0.02,1.81,3.271019712,0.481702411,FALSE
20/10/02,"Toowoomba, Tara and Gatton: Bushfires",Queensland,Toowoomba,37.85,33.53,0,0.51,2.712513469,0.29929871,FALSE
21/10/02,"Toowoomba, Tara and Gatton: Bushfires",Queensland,Toowoomba,32.47,33.79,0.01,0.03,3.140050942,0.425572013,FALSE
22/10/02,"Toowoomba, Tara and Gatton: Bushfires",Queensland,Toowoomba,32.77,34.51,0.23,0.26,3.111781996,0.524624817,FALSE
23/10/02,"Toowoomba, Tara and Gatton: Bushfires",Queensland,Toowoomba,34.42,34.7,0,0.26,7.206383539,0.360193213,TRUE
19/10/02,"Toowoomba, Tara and Gatton: Bushfires",Queensland,Tara,39.98,33.77,0,0.66,3.561708505,0.397170622,FALSE
20/10/02,"Toowoomba, Tara and Gatton: Bushfires",Queensland,Tara,38.64,35.09,0,0,2.934360575,0.195969735,FALSE
21/10/02,"Toowoomba, Tara and Gatton: Bushfires",Queensland,Tara,32.41,35.34,0,0,3.089045863,0.168465844,FALSE
22/10/02,"Toowoomba, Tara and Gatton: Bushfires",Queensland,Tara,32.7,36.07,0,0,2.803640807,0.38198007,FALSE
23/10/02,"Toowoomba, Tara and Gatton: Bushfires",Queensland,Tara,35.45,36.35,0,0,6.500094256,0.307014033,TRUE
19/10/02,"Toowoomba, Tara and Gatton: Bushfires",Queensland,Gatton,40.05,32.78,0.05,1.88,2.348104433,0.56220054,FALSE
20/10/02,"Toowoomba, Tara and Gatton: Bushfires",Queensland,Gatton,37.48,34.46,0.01,0.74,2.920895983,0.35247533,FALSE
21/10/02,"Toowoomba, Tara and Gatton: Bushfires",Queensland,Gatton,34.45,34.84,0.06,0.14,2.181652447,0.521429854,FALSE
22/10/02,"Toowoomba, Tara and Gatton: Bushfires",Queensland,Gatton,33.01,35.35,0.27,0.42,2.655632824,0.573065334,FALSE
23/10/02,"Toowoomba, Tara and Gatton: Bushfires",Queensland,Gatton,35.8,35.3,0,0.42,6.547370948,0.373607073,TRUE
13/12/02,Big Desert Fire,Victoria,Big Desert Wilderness Park,27.07,23.78,0,0.11,2.706168161,0.467109231,FALSE
14/12/02,Big Desert Fire,Victoria,Big Desert Wilderness Park,35.08,24.96,0,0.11,1.987012801,0.352484588,FALSE
15/12/02,Big Desert Fire,Victoria,Big Desert Wilderness Park,43.25,27.24,0,0.11,1.888148003,0.173375625,FALSE
16/12/02,Big Desert Fire,Victoria,Big Desert Wilderness Park,42.79,30.59,0,0.11,2.982951981,0.138216754,FALSE
17/12/02,Big Desert Fire,Victoria,Big Desert Wilderness Park,41.67,33.62,0,0.11,3.045581361,0.147521151,TRUE
13/12/02,Big Desert Fire,Victoria,Wyperfield National Park,27.96,25.01,0,0.08,3.021888247,0.414773432,FALSE
14/12/02,Big Desert Fire,Victoria,Wyperfield National Park,36.94,26.43,0,0.08,1.847104563,0.323905961,FALSE
15/12/02,Big Desert Fire,Victoria,Wyperfield National Park,39.76,27.78,0,0.08,2.172354367,0.132786964,FALSE
16/12/02,Big Desert Fire,Victoria,Wyperfield National Park,43.17,31.07,0,0.08,2.645886285,0.149807383,FALSE
17/12/02,Big Desert Fire,Victoria,Wyperfield National Park,40.77,33.77,0,0.02,2.940599294,0.167260483,TRUE
4/1/03,2003 Eastern Victorian alpine bushfires,Victoria,Mt Buffalo,26.79,25,0,4.73,2.173135388,0.554372461,FALSE
5/1/03,2003 Eastern Victorian alpine bushfires,Victoria,Mt Buffalo,28.87,24.86,0,4.73,2.231330385,0.566472557,FALSE
6/1/03,2003 Eastern Victorian alpine bushfires,Victoria,Mt Buffalo,29.87,24.92,0,4.68,2.04629843,0.507892842,FALSE
7/1/03,2003 Eastern Victorian alpine bushfires,Victoria,Mt Buffalo,32.56,26.52,0,0.03,1.846850806,0.318988644,FALSE
8/1/03,2003 Eastern Victorian alpine bushfires,Victoria,Mt Buffalo,21.69,26.91,0.03,0.06,2.891540122,0.501245105,TRUE
4/1/03,2003 Eastern Victorian alpine bushfires,Victoria,Bright,26.79,25,0,4.73,2.173135388,0.554372461,FALSE
5/1/03,2003 Eastern Victorian alpine bushfires,Victoria,Bright,28.87,24.86,0,4.73,2.231330385,0.566472557,FALSE
6/1/03,2003 Eastern Victorian alpine bushfires,Victoria,Bright,29.87,24.92,0,4.68,2.04629843,0.507892842,FALSE
7/1/03,2003 Eastern Victorian alpine bushfires,Victoria,Bright,32.56,26.52,0,0.03,1.846850806,0.318988644,FALSE
8/1/03,2003 Eastern Victorian alpine bushfires,Victoria,Bright,21.69,26.91,0.03,0.06,2.891540122,0.501245105,TRUE
14/1/03,2003 Canberra bushfires,Australian Capital Territory,Canberra,31.63,27.45,0.01,0.2,2.045065298,0.493892455,FALSE
15/1/03,2003 Canberra bushfires,Australian Capital Territory,Canberra,32.16,27.77,0.13,0.32,3.262593441,0.569386805,FALSE
16/1/03,2003 Canberra bushfires,Australian Capital Territory,Canberra,33.26,28.69,0.23,0.56,3.097941357,0.472316489,FALSE
17/1/03,2003 Canberra bushfires,Australian Capital Territory,Canberra,36.58,30.17,0,0.55,3.276498252,0.339817771,FALSE
18/1/03,2003 Canberra bushfires,Australian Capital Territory,Canberra,38.43,32.26,0,0.38,3.47492398,0.200605805,TRUE
6/1/05,2005 Eyre Peninsula bushfire,South Australia,Wangary,17.54,24.37,0.59,4.79,4.004147515,0.638584332,FALSE
7/1/05,2005 Eyre Peninsula bushfire,South Australia,Wangary,21.5,22.62,0,4.79,5.016431695,0.588070393,FALSE
8/1/05,2005 Eyre Peninsula bushfire,South Australia,Wangary,28.71,23.15,0,4.79,4.344352686,0.491102521,FALSE
9/1/05,2005 Eyre Peninsula bushfire,South Australia,Wangary,34.52,24.21,0,4.79,3.619230237,0.298903827,FALSE
10/1/05,2005 Eyre Peninsula bushfire,South Australia,Wangary,34.53,25.13,0,3.15,4.977237756,0.193272055,TRUE
6/1/05,2005 Eyre Peninsula bushfire,South Australia,Wanilla,17.06,25.14,0.57,5.39,3.694063979,0.642526001,FALSE
7/1/05,2005 Eyre Peninsula bushfire,South Australia,Wanilla,21.31,22.96,0,5.39,4.595235378,0.586193007,FALSE
8/1/05,2005 Eyre Peninsula bushfire,South Australia,Wanilla,29.11,23.54,0,5.39,4.196898353,0.501408871,FALSE
9/1/05,2005 Eyre Peninsula bushfire,South Australia,Wanilla,37.16,25.05,0,5.39,2.876082957,0.322186239,FALSE
10/1/05,2005 Eyre Peninsula bushfire,South Australia,Wanilla,38.19,26.04,0,3.44,4.59850676,0.178307782,TRUE
6/1/05,2005 Eyre Peninsula bushfire,South Australia,Port Lincoin,16.68,24.95,0.78,4.73,4.261614748,0.650267173,FALSE
7/1/05,2005 Eyre Peninsula bushfire,South Australia,Port Lincoin,20.21,22.53,0,4.73,4.865206779,0.591818722,FALSE
8/1/05,2005 Eyre Peninsula bushfire,South Australia,Port Lincoin,26.33,22.92,0,4.69,4.710932704,0.533791693,FALSE
9/1/05,2005 Eyre Peninsula bushfire,South Australia,Port Lincoin,35.7,24.44,0,4.69,3.054189736,0.35495928,FALSE
10/1/05,2005 Eyre Peninsula bushfire,South Australia,Port Lincoin,39.03,25.31,0,3.08,4.39868514,0.196040475,TRUE
6/1/05,2005 Eyre Peninsula bushfire,South Australia,North Shields,16.68,24.95,0.78,4.73,4.261614748,0.650267173,FALSE
7/1/05,2005 Eyre Peninsula bushfire,South Australia,North Shields,20.21,22.53,0,4.73,4.865206779,0.591818722,FALSE
8/1/05,2005 Eyre Peninsula bushfire,South Australia,North Shields,26.33,22.92,0,4.69,4.710932704,0.533791693,FALSE
9/1/05,2005 Eyre Peninsula bushfire,South Australia,North Shields,35.7,24.44,0,4.69,3.054189736,0.35495928,FALSE
10/1/05,2005 Eyre Peninsula bushfire,South Australia,North Shields,39.03,25.31,0,3.08,4.39868514,0.196040475,TRUE
6/1/05,2005 Eyre Peninsula bushfire,South Australia, Louth Bay,16.68,24.95,0.78,4.73,4.261614748,0.650267173,FALSE
7/1/05,2005 Eyre Peninsula bushfire,South Australia, Louth Bay,20.21,22.53,0,4.73,4.865206779,0.591818722,FALSE
8/1/05,2005 Eyre Peninsula bushfire,South Australia, Louth Bay,26.33,22.92,0,4.69,4.710932704,0.533791693,FALSE
9/1/05,2005 Eyre Peninsula bushfire,South Australia, Louth Bay,35.7,24.44,0,4.69,3.054189736,0.35495928,FALSE
10/1/05,2005 Eyre Peninsula bushfire,South Australia, Louth Bay,39.03,25.31,0,3.08,4.39868514,0.196040475,TRUE
27/12/05,2005 Victoria bushfire,Victoria,Stawell,33.28,26.5,0.11,5.91,2.729259188,0.353501772,FALSE
28/12/05,2005 Victoria bushfire,Victoria,Stawell,26.82,25.98,0.12,5.41,3.476597697,0.42449902,FALSE
29/12/05,2005 Victoria bushfire,Victoria,Stawell,30.97,26.38,0,5.41,2.668525088,0.438638591,FALSE
30/12/05,2005 Victoria bushfire,Victoria,Stawell,39.23,27.01,0,3.06,3.093110328,0.215738313,FALSE
31/12/05,2005 Victoria bushfire,Victoria,Stawell,40.55,30.32,0,1.41,2.961594958,0.262542729,TRUE
27/12/05,2005 Victoria bushfire,Victoria,Yea,31.3,27.86,0,3.09,2.687933357,0.340848804,FALSE
28/12/05,2005 Victoria bushfire,Victoria,Yea,27.83,26.94,0.37,3.36,2.597976828,0.328585744,FALSE
29/12/05,2005 Victoria bushfire,Victoria,Yea,31.94,27.82,0,3.36,1.402588412,0.530687904,FALSE
30/12/05,2005 Victoria bushfire,Victoria,Yea,38.28,28.33,0,2.85,2.364201274,0.299429762,FALSE
31/12/05,2005 Victoria bushfire,Victoria,Yea,40.81,31.14,0,0.47,3.860008226,0.159078145,TRUE
15/1/06,Grampians Fire,Victoria,The Grampians,28.11,26.2,0,5.31,3.078058603,0.49250688,FALSE
16/1/06,Grampians Fire,Victoria,The Grampians,31.44,26.97,0.02,3.61,2.355739758,0.440824825,FALSE
17/1/06,Grampians Fire,Victoria,The Grampians,25.43,26.59,0.03,3.51,2.775096604,0.583041574,FALSE
18/1/06,Grampians Fire,Victoria,The Grampians,30.16,27.67,0,0.46,3.099707786,0.500627339,FALSE
19/1/06,Grampians Fire,Victoria,The Grampians,33.73,28.55,0,0.46,3.228077228,0.477494282,TRUE
18/1/06,Grampians Fire,Victoria,Dunkeld,28.25,25.52,0.02,0.85,2.827278884,0.563265846,FALSE
19/1/06,Grampians Fire,Victoria,Dunkeld,33.91,26.77,0,0.85,2.68693487,0.497451949,FALSE
20/1/06,Grampians Fire,Victoria,Dunkeld,37.44,28.97,0.8,1.19,3.360941005,0.374728415,FALSE
21/1/06,Grampians Fire,Victoria,Dunkeld,40.22,31.31,0.68,1.86,1.864375763,0.39179193,FALSE
22/1/06,Grampians Fire,Victoria,Dunkeld,41.28,33.53,0,1.86,3.987975496,0.36267134,TRUE
2/2/06,Pulletop bushfire,New South Wales,Pulletop,39.09,40.67,0,0.05,3.08320023,0.327002879,FALSE
3/2/06,Pulletop bushfire,New South Wales,Pulletop,36.85,40.41,0,0.02,2.113002904,0.406628698,FALSE
4/2/06,Pulletop bushfire,New South Wales,Pulletop,33.69,38.85,0.08,0.1,2.014068214,0.423909936,FALSE
5/2/06,Pulletop bushfire,New South Wales,Pulletop,35.74,37.83,0,0.1,2.355352812,0.376496967,FALSE
6/2/06,Pulletop bushfire,New South Wales,Pulletop,35.37,36.97,0,0.1,4.008279199,0.2684563,TRUE
20/9/06,Shoalhaven bushfire,New South Wales,Shoalhaven,23.05,22.97,0,0,3.424716663,0.47748171,FALSE
21/9/06,Shoalhaven bushfire,New South Wales,Shoalhaven,23.31,23.06,0,0,3.793351518,0.399836028,FALSE
22/9/06,Shoalhaven bushfire,New South Wales,Shoalhaven,26.03,23.94,0,0,4.070280649,0.385921588,FALSE
23/9/06,Shoalhaven bushfire,New South Wales,Shoalhaven,24.18,24.54,0,0,2.417137996,0.400228843,FALSE
24/9/06,Shoalhaven bushfire,New South Wales,Shoalhaven,30.32,25.64,0,0,6.273430735,0.425521991,TRUE
20/9/06,Hawkesbury River bushfire,New South Wales,Hawkesbury River,27.92,24.24,0,0,3.072690192,0.405985336,FALSE
21/9/06,Hawkesbury River bushfire,New South Wales,Hawkesbury River,26.58,24.8,0,0,1.273027342,0.447031162,FALSE
22/9/06,Hawkesbury River bushfire,New South Wales,Hawkesbury River,29.11,25.84,0,0,2.267525797,0.337040274,FALSE
23/9/06,Hawkesbury River bushfire,New South Wales,Hawkesbury River,30.44,27.14,0,0,1.965207213,0.321858091,FALSE
24/9/06,Hawkesbury River bushfire,New South Wales,Hawkesbury River,32.67,28.67,0,0,3.902324591,0.305971398,TRUE
8/10/06,Hobart's Eastern Shore bushfire,Tasmania,Hobart,12.21,18.41,0.72,19.67,7.133492137,0.538318121,FALSE
9/10/06,Hobart's Eastern Shore bushfire,Tasmania,Hobart,14.98,18.11,0,19.62,6.301034238,0.554084967,FALSE
10/10/06,Hobart's Eastern Shore bushfire,Tasmania,Hobart,22.09,18.46,0,19.62,3.559029163,0.532110925,FALSE
11/10/06,Hobart's Eastern Shore bushfire,Tasmania,Hobart,26.61,19.02,0,19.62,7.927067547,0.243473979,FALSE
12/10/06,Hobart's Eastern Shore bushfire,Tasmania,Hobart,29.73,20.75,0,0.8,8.568042094,0.215095947,TRUE
9/11/06,Blue Mountains bushfire,New South Wales,Blue Mountains,17.86,19.37,0.48,28.35,1.518727657,0.762151704,FALSE
10/11/06,Blue Mountains bushfire,New South Wales,Blue Mountains,24.63,19.1,0,21.74,1.525503544,0.641564999,FALSE
11/11/06,Blue Mountains bushfire,New South Wales,Blue Mountains,33.4,21.4,0,17.53,1.982523701,0.476850633,FALSE
12/11/06,Blue Mountains bushfire,New South Wales,Blue Mountains,34.83,24,0.17,13.07,1.59403511,0.507846302,FALSE
13/11/06,Blue Mountains bushfire,New South Wales,Blue Mountains,30.87,26.09,0.21,11.46,3.278930379,0.510727549,TRUE
6/1/07,Mt Bold bushfire,South Australia,Mt Bold,29.76,30.15,1.28,13.66,6.586911118,0.618820168,FALSE
7/1/07,Mt Bold bushfire,South Australia,Mt Bold,19.72,28.92,3.42,17.08,5.948793454,0.777875639,FALSE
8/1/07,Mt Bold bushfire,South Australia,Mt Bold,21.48,27.55,0,17.08,4.056010441,0.665384784,FALSE
9/1/07,Mt Bold bushfire,South Australia,Mt Bold,27.8,27.32,0,17.08,2.164844136,0.565769587,FALSE
10/1/07,Mt Bold bushfire,South Australia,Mt Bold,35.79,27.91,0,17.08,4.9401595,0.327045663,TRUE
30/1/07,Dwellingup bushfire,Western Australia,Dwellingup,31.39,38.36,0.02,3.12,2.840539554,0.698900051,FALSE
31/1/07,Dwellingup bushfire,Western Australia,Dwellingup,29.14,36.98,0.58,3.7,2.460184865,0.743483357,FALSE
1/2/07,Dwellingup bushfire,Western Australia,Dwellingup,34.53,36.2,0.1,3.79,2.533257628,0.559593848,FALSE
2/2/07,Dwellingup bushfire,Western Australia,Dwellingup,46.25,36.98,0,3.78,3.353283653,0.325904292,FALSE
3/2/07,Dwellingup bushfire,Western Australia,Dwellingup,39.07,36.86,0,3.78,4.594407455,0.293702234,TRUE
2/12/07,2007 Kangaroo Island bushfires,South Australia,Flinders Chase National Park,22.18,19.48,0.72,0.83,6.757641761,0.736837116,FALSE
3/12/07,2007 Kangaroo Island bushfires,South Australia,Flinders Chase National Park,16.88,19.44,1.65,2.49,8.140777086,0.75209246,FALSE
4/12/07,2007 Kangaroo Island bushfires,South Australia,Flinders Chase National Park,15.66,18.77,1.2,3.69,4.740977191,0.756697018,FALSE
5/12/07,2007 Kangaroo Island bushfires,South Australia,Flinders Chase National Park,17.71,18.6,0.67,4.36,4.445330343,0.722377092,FALSE
6/12/07,2007 Kangaroo Island bushfires,South Australia,Flinders Chase National Park,27.18,19.78,0.1,4.45,9.006523275,0.648198544,TRUE
26/12/07,Boorabbin National Park,Western Australia,Boorabbin National Park,39.64,30.5,0,0.36,3.744182957,0.15733613,FALSE
27/12/07,Boorabbin National Park,Western Australia,Boorabbin National Park,42.29,32.04,0,0.23,3.993559788,0.09703395,FALSE
28/12/07,Boorabbin National Park,Western Australia,Boorabbin National Park,38.69,34.35,0,0.13,4.962202793,0.357376311,FALSE
29/12/07,Boorabbin National Park,Western Australia,Boorabbin National Park,34.36,35.61,0.04,0.04,4.669035457,0.469771173,FALSE
30/12/07,Boorabbin National Park,Western Australia,Boorabbin National Park,43.85,37.69,0,0.04,5.314701947,0.290646585,TRUE
9/1/09,Port Lincoln bushfire,South Australia,Port Lincoln,24.18,25.06,0,1.3,5.163826635,0.622546688,FALSE
10/1/09,Port Lincoln bushfire,South Australia,Port Lincoln,22.58,24.45,0,1.3,5.444895782,0.648811112,FALSE
11/1/09,Port Lincoln bushfire,South Australia,Port Lincoln,23.03,23.7,0,1.3,4.976818276,0.601727197,FALSE
12/1/09,Port Lincoln bushfire,South Australia,Port Lincoln,30.84,24.34,0,1.3,4.442247109,0.46894935,FALSE
13/1/09,Port Lincoln bushfire,South Australia,Port Lincoln,42.6,26.48,0,1.19,5.369237895,0.240945916,TRUE
24/1/09,Black Saturday bushfires,Victoria,Delburn,17.33,30.17,0.66,3.52,2.815813315,0.740307669,FALSE
25/1/09,Black Saturday bushfires,Victoria,Delburn,27.67,30.41,0,3.52,1.380292229,0.644946595,FALSE
26/1/09,Black Saturday bushfires,Victoria,Delburn,25.36,29.31,0,3.52,1.993510699,0.701360932,FALSE
27/1/09,Black Saturday bushfires,Victoria,Delburn,34.17,28.64,0.02,3.54,1.716902541,0.583720229,FALSE
28/1/09,Black Saturday bushfires,Victoria,Delburn,42.15,30.24,0,3.54,1.721641384,0.32589126,TRUE
25/1/09,Black Saturday bushfires,Victoria,Branxholme,25.26,26.28,0,6.22,1.775546996,0.635771337,FALSE
26/1/09,Black Saturday bushfires,Victoria,Branxholme,24.91,25.12,0.01,6.23,2.231796144,0.718810424,FALSE
27/1/09,Black Saturday bushfires,Victoria,Branxholme,37.15,26.24,0,6.23,1.89150114,0.468656927,FALSE
28/1/09,Black Saturday bushfires,Victoria,Branxholme,43.05,28.43,0,6.23,2.469927995,0.229679636,FALSE
29/1/09,Black Saturday bushfires,Victoria,Branxholme,43.45,31.22,0.13,1.9,2.64797362,0.300753976,TRUE
31/1/09,Bunyip State Park bushfire,Victoria,Bunyip State Park,37.77,35.6,0.37,0.47,2.080631295,0.563123523,FALSE
1/2/09,Bunyip State Park bushfire,Victoria,Bunyip State Park,26.28,35.27,1.15,1.62,2.893325833,0.768230964,FALSE
2/2/09,Bunyip State Park bushfire,Victoria,Bunyip State Park,30.27,35.85,1.89,3.51,1.976508365,0.742088775,FALSE
3/2/09,Bunyip State Park bushfire,Victoria,Bunyip State Park,20.87,33.91,0.88,4.37,2.568937195,0.861685588,FALSE
4/2/09,Bunyip State Park bushfire,Victoria,Bunyip State Park,30.15,32.49,0.53,4.9,2.048390525,0.739587444,TRUE
3/2/09,Black Saturday bushfires,Victoria,Delburn,19.56,34.06,1.23,2.59,2.295338714,0.876332684,FALSE
4/2/09,Black Saturday bushfires,Victoria,Delburn,26.87,31.88,1.57,4.16,2.403984488,0.847519883,FALSE
5/2/09,Black Saturday bushfires,Victoria,Delburn,32.23,30.44,0,4.16,2.541780075,0.62882411,FALSE
6/2/09,Black Saturday bushfires,Victoria,Delburn,31.58,28.81,0.04,4.19,1.453980041,0.634834619,FALSE
7/2/09,Black Saturday bushfires,Victoria,Delburn,45.01,29.82,0,4.1,3.539138182,0.359207703,TRUE
3/2/09,Black Saturday bushfires,Victoria,Kinglake,26.58,35.47,0.51,1.3,2.782214004,0.770875942,FALSE
4/2/09,Black Saturday bushfires,Victoria,Kinglake,32.67,34.41,0.09,1.39,1.472153331,0.631013037,FALSE
5/2/09,Black Saturday bushfires,Victoria,Kinglake,32.91,33.27,0,1.24,2.598129559,0.565342807,FALSE
6/2/09,Black Saturday bushfires,Victoria,Kinglake,34.36,32.24,0.3,1.54,1.465883712,0.613838139,FALSE
7/2/09,Black Saturday bushfires,Victoria,Kinglake,43.4,33.17,0.17,1.71,4.170977228,0.299419887,TRUE
3/2/09,Black Saturday bushfires,Victoria,Toolangi,26.58,35.47,0.51,1.3,2.782214004,0.770875942,FALSE
4/2/09,Black Saturday bushfires,Victoria,Toolangi,32.67,34.41,0.09,1.39,1.472153331,0.631013037,FALSE
5/2/09,Black Saturday bushfires,Victoria,Toolangi,32.91,33.27,0,1.24,2.598129559,0.565342807,FALSE
6/2/09,Black Saturday bushfires,Victoria,Toolangi,34.36,32.24,0.3,1.54,1.465883712,0.613838139,FALSE
7/2/09,Black Saturday bushfires,Victoria,Toolangi,43.4,33.17,0.17,1.71,4.170977228,0.299419887,TRUE
3/2/09,Black Saturday bushfires,Victoria,Healesville,26.58,35.47,0.51,1.3,2.782214004,0.770875942,FALSE
4/2/09,Black Saturday bushfires,Victoria,Healesville,32.67,34.41,0.09,1.39,1.472153331,0.631013037,FALSE
5/2/09,Black Saturday bushfires,Victoria,Healesville,32.91,33.27,0,1.24,2.598129559,0.565342807,FALSE
6/2/09,Black Saturday bushfires,Victoria,Healesville,34.36,32.24,0.3,1.54,1.465883712,0.613838139,FALSE
7/2/09,Black Saturday bushfires,Victoria,Healesville,43.4,33.17,0.17,1.71,4.170977228,0.299419887,TRUE
3/2/09,Black Saturday bushfires,Victoria,Strathewen,26.58,35.47,0.51,1.3,2.782214004,0.770875942,FALSE
4/2/09,Black Saturday bushfires,Victoria,Strathewen,32.67,34.41,0.09,1.39,1.472153331,0.631013037,FALSE
5/2/09,Black Saturday bushfires,Victoria,Strathewen,32.91,33.27,0,1.24,2.598129559,0.565342807,FALSE
6/2/09,Black Saturday bushfires,Victoria,Strathewen,34.36,32.24,0.3,1.54,1.465883712,0.613838139,FALSE
7/2/09,Black Saturday bushfires,Victoria,Strathewen,43.4,33.17,0.17,1.71,4.170977228,0.299419887,TRUE
3/2/09,Black Saturday bushfires,Victoria,St Andrew,26.58,35.47,0.51,1.3,2.782214004,0.770875942,FALSE
4/2/09,Black Saturday bushfires,Victoria,St Andrew,32.67,34.41,0.09,1.39,1.472153331,0.631013037,FALSE
5/2/09,Black Saturday bushfires,Victoria,St Andrew,32.91,33.27,0,1.24,2.598129559,0.565342807,FALSE
6/2/09,Black Saturday bushfires,Victoria,St Andrew,34.36,32.24,0.3,1.54,1.465883712,0.613838139,FALSE
7/2/09,Black Saturday bushfires,Victoria,St Andrew,43.4,33.17,0.17,1.71,4.170977228,0.299419887,TRUE
3/2/09,Black Saturday bushfires,Victoria,Marysville,27.65,35.29,0.12,1.81,2.820568547,0.729467391,FALSE
4/2/09,Black Saturday bushfires,Victoria,Marysville,33.92,34.75,0.01,1.82,1.511870351,0.593887737,FALSE
5/2/09,Black Saturday bushfires,Victoria,Marysville,34.81,34.18,0,1.82,2.604276976,0.474657813,FALSE
6/2/09,Black Saturday bushfires,Victoria,Marysville,35.52,33.7,0.24,2.05,1.892680248,0.537097595,FALSE
7/2/09,Black Saturday bushfires,Victoria,Marysville,41.35,33.9,0.03,2.08,3.987798287,0.266768364,TRUE
3/2/09,Black Saturday bushfires,Victoria,Buxton,27.65,35.29,0.12,1.81,2.820568547,0.729467391,FALSE
4/2/09,Black Saturday bushfires,Victoria,Buxton,33.92,34.75,0.01,1.82,1.511870351,0.593887737,FALSE
5/2/09,Black Saturday bushfires,Victoria,Buxton,34.81,34.18,0,1.82,2.604276976,0.474657813,FALSE
6/2/09,Black Saturday bushfires,Victoria,Buxton,35.52,33.7,0.24,2.05,1.892680248,0.537097595,FALSE
7/2/09,Black Saturday bushfires,Victoria,Buxton,41.35,33.9,0.03,2.08,3.987798287,0.266768364,TRUE
3/2/09,Black Saturday bushfires,Victoria,Kilmore,28.75,36.41,0.22,2.14,2.974653168,0.720753041,FALSE
4/2/09,Black Saturday bushfires,Victoria,Kilmore,34.33,35.71,0,2.14,1.380475965,0.590007511,FALSE
5/2/09,Black Saturday bushfires,Victoria,Kilmore,35.47,35.04,0,2.11,2.472934305,0.515439428,FALSE
6/2/09,Black Saturday bushfires,Victoria,Kilmore,36.7,34.55,0.45,2.56,1.652229491,0.553692189,FALSE
7/2/09,Black Saturday bushfires,Victoria,Kilmore,42.37,34.77,0.07,2.63,4.017312275,0.275055865,TRUE
3/2/09,Black Saturday bushfires,Victoria,Flowerdale,28.75,36.41,0.22,2.14,2.974653168,0.720753041,FALSE
4/2/09,Black Saturday bushfires,Victoria,Flowerdale,34.33,35.71,0,2.14,1.380475965,0.590007511,FALSE
5/2/09,Black Saturday bushfires,Victoria,Flowerdale,35.47,35.04,0,2.11,2.472934305,0.515439428,FALSE
6/2/09,Black Saturday bushfires,Victoria,Flowerdale,36.7,34.55,0.45,2.56,1.652229491,0.553692189,FALSE
7/2/09,Black Saturday bushfires,Victoria,Flowerdale,42.37,34.77,0.07,2.63,4.017312275,0.275055865,TRUE
3/2/09,Black Saturday bushfires,Victoria,Bendigo,33.68,40.95,0,0.33,3.025425031,0.574597329,FALSE
4/2/09,Black Saturday bushfires,Victoria,Bendigo,38.95,40.38,0.04,0.36,1.534182835,0.496550135,FALSE
5/2/09,Black Saturday bushfires,Victoria,Bendigo,40,40.01,0,0.36,2.239268069,0.350854024,FALSE
6/2/09,Black Saturday bushfires,Victoria,Bendigo,40.1,39.53,0,0.36,1.885920261,0.460759907,FALSE
7/2/09,Black Saturday bushfires,Victoria,Bendigo,44.95,39.11,0,0.35,3.520248743,0.239206795,TRUE
3/2/09,Black Saturday bushfires,Victoria,Maiden Gully,33.68,40.95,0,0.33,3.025425031,0.574597329,FALSE
4/2/09,Black Saturday bushfires,Victoria,Maiden Gully,38.95,40.38,0.04,0.36,1.534182835,0.496550135,FALSE
5/2/09,Black Saturday bushfires,Victoria,Maiden Gully,40,40.01,0,0.36,2.239268069,0.350854024,FALSE
6/2/09,Black Saturday bushfires,Victoria,Maiden Gully,40.1,39.53,0,0.36,1.885920261,0.460759907,FALSE
7/2/09,Black Saturday bushfires,Victoria,Maiden Gully,44.95,39.11,0,0.35,3.520248743,0.239206795,TRUE
3/2/09,Black Saturday bushfires,Victoria,Horsham,36.29,41.53,0,0.31,3.247262706,0.468290344,FALSE
4/2/09,Black Saturday bushfires,Victoria,Horsham,41.16,40.95,0,0.31,1.647414366,0.369125155,FALSE
5/2/09,Black Saturday bushfires,Victoria,Horsham,38.22,40.11,0,0.31,3.850069072,0.319478156,FALSE
6/2/09,Black Saturday bushfires,Victoria,Horsham,42.03,39.82,0.12,0.43,2.132403867,0.391491212,FALSE
7/2/09,Black Saturday bushfires,Victoria,Horsham,46.42,40.42,0.46,0.83,5.714802713,0.215554003,TRUE
3/2/09,Black Saturday bushfires,Victoria,Coleraine,29.17,36.69,0.4,1.46,2.789462861,0.660610497,FALSE
4/2/09,Black Saturday bushfires,Victoria,Coleraine,35.57,35.53,0.07,1.53,1.546440458,0.557725464,FALSE
5/2/09,Black Saturday bushfires,Victoria,Coleraine,29.48,33.65,0,1.49,2.280208144,0.652846631,FALSE
6/2/09,Black Saturday bushfires,Victoria,Coleraine,37.05,32.92,1.3,2.79,1.717609504,0.588886596,FALSE
7/2/09,Black Saturday bushfires,Victoria,Coleraine,43.79,34.62,0.46,3.08,3.526491652,0.478248861,TRUE
3/2/09,Black Saturday bushfires,Victoria,Churchill,18.64,34.35,1.76,4.22,2.071351656,0.89186932,FALSE
4/2/09,Black Saturday bushfires,Victoria,Churchill,25.54,31.8,2.51,6.73,2.383315981,0.879402101,FALSE
5/2/09,Black Saturday bushfires,Victoria,Churchill,34.04,30.46,0.02,6.75,2.407706511,0.615610515,FALSE
6/2/09,Black Saturday bushfires,Victoria,Churchill,29.9,28.56,0.01,6.76,1.69544997,0.655099161,FALSE
7/2/09,Black Saturday bushfires,Victoria,Churchill,45.09,29.51,0,6.74,3.342972971,0.363853877,TRUE
3/2/09,Black Saturday bushfires,Victoria,Murrindindi,27.65,35.29,0.12,1.81,2.820568547,0.729467391,FALSE
4/2/09,Black Saturday bushfires,Victoria,Murrindindi,33.92,34.75,0.01,1.82,1.511870351,0.593887737,FALSE
5/2/09,Black Saturday bushfires,Victoria,Murrindindi,34.81,34.18,0,1.82,2.604276976,0.474657813,FALSE
6/2/09,Black Saturday bushfires,Victoria,Murrindindi,35.52,33.69,0.24,2.05,1.892680248,0.537097595,FALSE
7/2/09,Black Saturday bushfires,Victoria,Murrindindi,41.35,33.9,0.03,2.08,3.987798287,0.266768364,TRUE
3/2/09,Black Saturday bushfires,Victoria,Upper Ferntree Gully,24.43,31.35,0.64,1.52,3.178326763,0.792470684,FALSE
4/2/09,Black Saturday bushfires,Victoria,Upper Ferntree Gully,28.95,30.46,0.15,1.66,2.046170109,0.714015323,FALSE
5/2/09,Black Saturday bushfires,Victoria,Upper Ferntree Gully,28.59,29.33,0.01,1.48,2.852183125,0.673049311,FALSE
6/2/09,Black Saturday bushfires,Victoria,Upper Ferntree Gully,29.81,28.47,0.84,2.32,1.566733471,0.700158917,FALSE
7/2/09,Black Saturday bushfires,Victoria,Upper Ferntree Gully,39.34,29.58,0.25,2.57,4.383648216,0.412943615,TRUE
15/11/09,2009 South Australia bushfire,South Australia,Curramulka,27.52,30.4,0,0.15,1.39911153,0.646603463,FALSE
16/11/09,2009 South Australia bushfire,South Australia,Curramulka,21.27,28.9,1.06,1.21,3.080554411,0.664261742,FALSE
17/11/09,2009 South Australia bushfire,South Australia,Curramulka,21.8,27.36,1.08,2.3,1.606698337,0.795077123,FALSE
18/11/09,2009 South Australia bushfire,South Australia,Curramulka,30.83,26.93,0.26,2.55,1.595495724,0.610748212,FALSE
19/11/09,2009 South Australia bushfire,South Australia,Curramulka,32.85,27.75,0,2.55,3.541333271,0.32538549,TRUE
15/11/09,2009 South Australia bushfire,South Australia,Pine Point,27.52,30.4,0,0.15,1.39911153,0.646603463,FALSE
16/11/09,2009 South Australia bushfire,South Australia,Pine Point,21.27,28.9,1.06,1.21,3.080554411,0.664261742,FALSE
17/11/09,2009 South Australia bushfire,South Australia,Pine Point,21.8,27.36,1.08,2.3,1.606698337,0.795077123,FALSE
18/11/09,2009 South Australia bushfire,South Australia,Pine Point,30.83,26.93,0.26,2.55,1.595495724,0.610748212,FALSE
19/11/09,2009 South Australia bushfire,South Australia,Pine Point,32.85,27.75,0,2.55,3.541333271,0.32538549,TRUE
15/11/09,2009 South Australia bushfire,South Australia,Spring Gully,41.29,40.53,0,0,2.956924623,0.151205498,FALSE
16/11/09,2009 South Australia bushfire,South Australia,Spring Gully,37.17,40.1,0,0,3.3924211,0.268728757,FALSE
17/11/09,2009 South Australia bushfire,South Australia,Spring Gully,37.06,39.76,0,0,2.736155183,0.326825451,FALSE
18/11/09,2009 South Australia bushfire,South Australia,Spring Gully,43.75,40.06,0,0,5.202042066,0.185696304,FALSE
19/11/09,2009 South Australia bushfire,South Australia,Spring Gully,42.53,40.44,0,0,2.655185025,0.232968571,TRUE
15/11/09,2009 South Australia bushfire,South Australia,Wirrabara,38.13,36.66,0,0,3.528559717,0.191198752,FALSE
16/11/09,2009 South Australia bushfire,South Australia,Wirrabara,33.06,36.31,0,0,3.45839717,0.363641249,FALSE
17/11/09,2009 South Australia bushfire,South Australia,Wirrabara,33.64,35.87,0,0,3.245955996,0.307805269,FALSE
18/11/09,2009 South Australia bushfire,South Australia,Wirrabara,40.62,36.6,0,0,5.634724774,0.216445289,FALSE
19/11/09,2009 South Australia bushfire,South Australia,Wirrabara,39.49,36.99,0.01,0.01,3.734797295,0.2461064,TRUE
19/12/09,2009 Port Lincoln bushfire,South Australia,Port Lincoln,21.62,27.88,0.62,2.19,3.387576361,0.667562875,FALSE
20/12/09,2009 Port Lincoln bushfire,South Australia,Port Lincoln,27.88,28.7,0,2.19,2.921120223,0.561218056,FALSE
21/12/09,2009 Port Lincoln bushfire,South Australia,Port Lincoln,27.66,28.67,0,2.19,3.072380799,0.530554266,FALSE
22/12/09,2009 Port Lincoln bushfire,South Australia,Port Lincoln,37.3,28.2,0.17,2.36,2.609659863,0.399228529,FALSE
23/12/09,2009 Port Lincoln bushfire,South Australia,Port Lincoln,38.05,27.76,1.32,3.63,5.482674983,0.272311083,TRUE
14/1/13,Warrumbungle bushfire,New South Wales,Warrumbungle,34.2,39.13,0.07,0.07,4.530654202,0.452745851,FALSE
15/1/13,Warrumbungle bushfire,New South Wales,Warrumbungle,25.18,37.35,0.23,0.3,3.481228121,0.570962644,FALSE
16/1/13,Warrumbungle bushfire,New South Wales,Warrumbungle,34.02,37.27,0.03,0.33,2.885252389,0.515782571,FALSE
17/1/13,Warrumbungle bushfire,New South Wales,Warrumbungle,38.54,37.5,0,0.33,2.604555703,0.35325989,FALSE
18/1/13,Warrumbungle bushfire,New South Wales,Warrumbungle,39.93,37.39,2.73,3.06,3.53710605,0.32204283,TRUE
9/10/13,2013 New South Wales bushfires,New South Wales,Salt Ash,28.74,24.23,0,6.84,1.702091599,0.522456832,FALSE
10/10/13,2013 New South Wales bushfires,New South Wales,Salt Ash,34.12,26.46,0,3.7,3.603727429,0.217444336,FALSE
11/10/13,2013 New South Wales bushfires,New South Wales,Salt Ash,28.38,27.71,1.49,4.61,2.646005854,0.691665032,FALSE
12/10/13,2013 New South Wales bushfires,New South Wales,Salt Ash,30.05,27.94,0.2,4.81,1.542244343,0.65203492,FALSE
13/10/13,2013 New South Wales bushfires,New South Wales,Salt Ash,35.02,28.39,0.16,4.97,4.176465426,0.336293806,TRUE
9/10/13,2013 New South Wales bushfires,New South Wales,Heatherbrae,28.74,24.23,0,6.84,1.702091599,0.522456832,FALSE
10/10/13,2013 New South Wales bushfires,New South Wales,Heatherbrae,34.12,26.46,0,3.7,3.603727429,0.217444336,FALSE
11/10/13,2013 New South Wales bushfires,New South Wales,Heatherbrae,28.38,27.71,1.49,4.61,2.646005854,0.691665032,FALSE
12/10/13,2013 New South Wales bushfires,New South Wales,Heatherbrae,30.05,27.94,0.2,4.81,1.542244343,0.65203492,FALSE
13/10/13,2013 New South Wales bushfires,New South Wales,Heatherbrae,35.02,28.39,0.16,4.97,4.176465426,0.336293806,TRUE
9/10/13,2013 New South Wales bushfires,New South Wales,Raymond Terrace,28.74,24.23,0,6.84,1.702091599,0.522456832,FALSE
10/10/13,2013 New South Wales bushfires,New South Wales,Raymond Terrace,34.12,26.46,0,3.7,3.603727429,0.217444336,FALSE
11/10/13,2013 New South Wales bushfires,New South Wales,Raymond Terrace,28.38,27.71,1.49,4.61,2.646005854,0.691665032,FALSE
12/10/13,2013 New South Wales bushfires,New South Wales,Raymond Terrace,30.05,27.94,0.2,4.81,1.542244343,0.65203492,FALSE
13/10/13,2013 New South Wales bushfires,New South Wales,Raymond Terrace,35.02,28.39,0.16,4.97,4.176465426,0.336293806,TRUE
18/10/13,2013 New South Wales bushfires,New South Wales,Lithgow,18.14,20.81,0,0.79,2.210749611,0.509866358,FALSE
19/10/13,2013 New South Wales bushfires,New South Wales,Lithgow,22.06,20.35,0,0.79,1.754955931,0.633242649,FALSE
20/10/13,2013 New South Wales bushfires,New South Wales,Lithgow,25.1,20.3,0,0.52,1.747296928,0.672322898,FALSE
21/10/13,2013 New South Wales bushfires,New South Wales,Lithgow,28.65,22.42,0,0,2.547667635,0.401786148,FALSE
22/10/13,2013 New South Wales bushfires,New South Wales,Lithgow,26.71,23.74,8.23,8.23,2.652584718,0.583057952,TRUE
18/10/13,2013 New South Wales bushfires,New South Wales,Mount Victoria,18.14,20.81,0,0.79,2.210749611,0.509866358,FALSE
19/10/13,2013 New South Wales bushfires,New South Wales,Mount Victoria,22.06,20.35,0,0.79,1.754955931,0.633242649,FALSE
20/10/13,2013 New South Wales bushfires,New South Wales,Mount Victoria,25.1,20.3,0,0.52,1.747296928,0.672322898,FALSE
21/10/13,2013 New South Wales bushfires,New South Wales,Mount Victoria,28.65,22.42,0,0,2.547667635,0.401786148,FALSE
22/10/13,2013 New South Wales bushfires,New South Wales,Mount Victoria,26.71,23.74,8.23,8.23,2.652584718,0.583057952,TRUE
18/10/13,2013 New South Wales bushfires,New South Wales,Gorricks Creek,19.61,26.35,0,0.55,1.970607344,0.497343508,FALSE
19/10/13,2013 New South Wales bushfires,New South Wales,Gorricks Creek,24.17,25.44,0,0.55,1.448991829,0.681123595,FALSE
20/10/13,2013 New South Wales bushfires,New South Wales,Gorricks Creek,30.09,25.22,0.01,0.55,1.212889595,0.674429052,FALSE
21/10/13,2013 New South Wales bushfires,New South Wales,Gorricks Creek,33.31,27.04,0,0.01,2.038764014,0.372500055,FALSE
22/10/13,2013 New South Wales bushfires,New South Wales,Gorricks Creek,31.69,28.18,0.49,0.51,1.740835215,0.488864254,TRUE
18/10/13,2013 New South Wales bushfires,New South Wales,Howes Swamp,19.61,26.35,0,0.55,1.970607344,0.497343508,FALSE
19/10/13,2013 New South Wales bushfires,New South Wales,Howes Swamp,24.17,25.44,0,0.55,1.448991829,0.681123595,FALSE
20/10/13,2013 New South Wales bushfires,New South Wales,Howes Swamp,30.09,25.22,0.01,0.55,1.212889595,0.674429052,FALSE
21/10/13,2013 New South Wales bushfires,New South Wales,Howes Swamp,33.31,27.04,0,0.01,2.038764014,0.372500055,FALSE
22/10/13,2013 New South Wales bushfires,New South Wales,Howes Swamp,31.69,28.18,0.49,0.51,1.740835215,0.488864254,TRUE
18/10/13,2013 New South Wales bushfires,New South Wales,Mellong,19.61,26.35,0,0.55,1.970607344,0.497343508,FALSE
19/10/13,2013 New South Wales bushfires,New South Wales,Mellong,24.17,25.44,0,0.55,1.448991829,0.681123595,FALSE
20/10/13,2013 New South Wales bushfires,New South Wales,Mellong,30.09,25.22,0.01,0.55,1.212889595,0.674429052,FALSE
21/10/13,2013 New South Wales bushfires,New South Wales,Mellong,33.31,27.04,0,0.01,2.038764014,0.372500055,FALSE
22/10/13,2013 New South Wales bushfires,New South Wales,Mellong,31.69,28.18,0.49,0.51,1.740835215,0.488864254,TRUE
18/10/13,2013 New South Wales bushfires,New South Wales,Webbs Creek,19.61,26.35,0,0.55,1.970607344,0.497343508,FALSE
19/10/13,2013 New South Wales bushfires,New South Wales,Webbs Creek,24.17,25.44,0,0.55,1.448991829,0.681123595,FALSE
20/10/13,2013 New South Wales bushfires,New South Wales,Webbs Creek,30.09,25.22,0.01,0.55,1.212889595,0.674429052,FALSE
21/10/13,2013 New South Wales bushfires,New South Wales,Webbs Creek,33.31,27.04,0,0.01,2.038764014,0.372500055,FALSE
22/10/13,2013 New South Wales bushfires,New South Wales,Webbs Creek,31.69,28.18,0.49,0.51,1.740835215,0.488864254,TRUE